{
  "06_HongKong_WanChai_Street": {
    "MaxINode": 10200
  },
  "DX" : {
    "MaxINode": 10200,
    "Light0": 0.00007,
    "Light1": 0.00007,
    "Light2": 0.00007,
    "Light3": 0.00007,
    "Light4": 0.00007,
    "Light5": 0.00005
  }
}